millis,stamp,datetime,motion
999, 1563809038, 2019/7/22 15:23:58, Inactive
1999, 1563809039, 2019/7/22 15:23:59, Inactive
2999, 1563809040, 2019/7/22 15:24:0, Inactive
3999, 1563809041, 2019/7/22 15:24:1, Inactive
4999, 1563809042, 2019/7/22 15:24:2, Inactive
5999, 1563809043, 2019/7/22 15:24:3, Inactive
7000, 1563809044, 2019/7/22 15:24:4, Inactive
7999, 1563809045, 2019/7/22 15:24:5, Inactive
8999, 1563809046, 2019/7/22 15:24:6, Inactive
9999, 1563809047, 2019/7/22 15:24:7, Active
10999, 1563809048, 2019/7/22 15:24:8, Active
11999, 1563809049, 2019/7/22 15:24:9, Inactive
12999, 1563809050, 2019/7/22 15:24:10, Inactive
14000, 1563809051, 2019/7/22 15:24:11, Inactive
14999, 1563809052, 2019/7/22 15:24:12, Inactive
16000, 1563809053, 2019/7/22 15:24:13, Active
16999, 1563809054, 2019/7/22 15:24:14, Active
17999, 1563809055, 2019/7/22 15:24:15, Inactive
18999, 1563809056, 2019/7/22 15:24:16, Inactive
19999, 1563809057, 2019/7/22 15:24:17, Inactive
20999, 1563809058, 2019/7/22 15:24:18, Inactive
21999, 1563809059, 2019/7/22 15:24:19, Inactive
23000, 1563809060, 2019/7/22 15:24:20, Inactive
23999, 1563809061, 2019/7/22 15:24:21, Inactive
24999, 1563809062, 2019/7/22 15:24:22, Inactive
25999, 1563809063, 2019/7/22 15:24:23, Inactive
26999, 1563809064, 2019/7/22 15:24:24, Inactive
27999, 1563809065, 2019/7/22 15:24:25, Inactive
28999, 1563809066, 2019/7/22 15:24:26, Inactive
29999, 1563809067, 2019/7/22 15:24:27, Inactive
30999, 1563809068, 2019/7/22 15:24:28, Inactive
32000, 1563809069, 2019/7/22 15:24:29, Inactive
32999, 1563809070, 2019/7/22 15:24:30, Inactive
33999, 1563809071, 2019/7/22 15:24:31, Inactive
34999, 1563809072, 2019/7/22 15:24:32, Inactive
35999, 1563809073, 2019/7/22 15:24:33, Inactive
37000, 1563809074, 2019/7/22 15:24:34, Inactive
37999, 1563809075, 2019/7/22 15:24:35, Inactive
39000, 1563809076, 2019/7/22 15:24:36, Inactive
39999, 1563809077, 2019/7/22 15:24:37, Inactive
40999, 1563809078, 2019/7/22 15:24:38, Inactive
41999, 1563809079, 2019/7/22 15:24:39, Inactive
42999, 1563809080, 2019/7/22 15:24:40, Inactive
44000, 1563809081, 2019/7/22 15:24:41, Inactive
44999, 1563809082, 2019/7/22 15:24:42, Inactive
45999, 1563809083, 2019/7/22 15:24:43, Inactive
46999, 1563809084, 2019/7/22 15:24:44, Inactive
48000, 1563809085, 2019/7/22 15:24:45, Inactive
48999, 1563809086, 2019/7/22 15:24:46, Inactive
49998, 1563809087, 2019/7/22 15:24:47, Inactive
50999, 1563809088, 2019/7/22 15:24:48, Inactive
51999, 1563809089, 2019/7/22 15:24:49, Inactive
52999, 1563809090, 2019/7/22 15:24:50, Inactive
53999, 1563809091, 2019/7/22 15:24:51, Inactive
54999, 1563809092, 2019/7/22 15:24:52, Inactive
55999, 1563809093, 2019/7/22 15:24:53, Inactive
56999, 1563809094, 2019/7/22 15:24:54, Inactive
57999, 1563809095, 2019/7/22 15:24:55, Inactive
58998, 1563809096, 2019/7/22 15:24:56, Inactive
59999, 1563809097, 2019/7/22 15:24:57, Inactive
60999, 1563809098, 2019/7/22 15:24:58, Inactive
61999, 1563809099, 2019/7/22 15:24:59, Inactive
62999, 1563809100, 2019/7/22 15:25:0, Inactive
64000, 1563809101, 2019/7/22 15:25:1, Inactive
64999, 1563809102, 2019/7/22 15:25:2, Inactive
65999, 1563809103, 2019/7/22 15:25:3, Inactive
66999, 1563809104, 2019/7/22 15:25:4, Inactive
67999, 1563809105, 2019/7/22 15:25:5, Inactive
68999, 1563809106, 2019/7/22 15:25:6, Inactive
69999, 1563809107, 2019/7/22 15:25:7, Inactive
71000, 1563809108, 2019/7/22 15:25:8, Inactive
71999, 1563809109, 2019/7/22 15:25:9, Inactive
72999, 1563809110, 2019/7/22 15:25:10, Inactive
73999, 1563809111, 2019/7/22 15:25:11, Inactive
74999, 1563809112, 2019/7/22 15:25:12, Inactive
76000, 1563809113, 2019/7/22 15:25:13, Inactive
76999, 1563809114, 2019/7/22 15:25:14, Inactive
77999, 1563809115, 2019/7/22 15:25:15, Active
78999, 1563809116, 2019/7/22 15:25:16, Active
79998, 1563809117, 2019/7/22 15:25:17, Inactive
80999, 1563809118, 2019/7/22 15:25:18, Inactive
81999, 1563809119, 2019/7/22 15:25:19, Inactive
82999, 1563809120, 2019/7/22 15:25:20, Inactive
83999, 1563809121, 2019/7/22 15:25:21, Inactive
84999, 1563809122, 2019/7/22 15:25:22, Active
85999, 1563809123, 2019/7/22 15:25:23, Active
87000, 1563809124, 2019/7/22 15:25:24, Inactive
87999, 1563809125, 2019/7/22 15:25:25, Inactive
88999, 1563809126, 2019/7/22 15:25:26, Inactive
89999, 1563809127, 2019/7/22 15:25:27, Inactive
90999, 1563809128, 2019/7/22 15:25:28, Inactive
92000, 1563809129, 2019/7/22 15:25:29, Inactive
92998, 1563809130, 2019/7/22 15:25:30, Inactive
93999, 1563809131, 2019/7/22 15:25:31, Inactive
94999, 1563809132, 2019/7/22 15:25:32, Inactive
96000, 1563809133, 2019/7/22 15:25:33, Inactive
96999, 1563809134, 2019/7/22 15:25:34, Inactive
97999, 1563809135, 2019/7/22 15:25:35, Inactive
98999, 1563809136, 2019/7/22 15:25:36, Inactive
99998, 1563809137, 2019/7/22 15:25:37, Inactive
100999, 1563809138, 2019/7/22 15:25:38, Inactive
101998, 1563809139, 2019/7/22 15:25:39, Inactive
103000, 1563809140, 2019/7/22 15:25:40, Inactive
103999, 1563809141, 2019/7/22 15:25:41, Inactive
104998, 1563809142, 2019/7/22 15:25:42, Inactive
105999, 1563809143, 2019/7/22 15:25:43, Inactive
106999, 1563809144, 2019/7/22 15:25:44, Inactive
107999, 1563809145, 2019/7/22 15:25:45, Inactive
108999, 1563809146, 2019/7/22 15:25:46, Inactive
109999, 1563809147, 2019/7/22 15:25:47, Inactive
110999, 1563809148, 2019/7/22 15:25:48, Inactive
112000, 1563809149, 2019/7/22 15:25:49, Inactive
112999, 1563809150, 2019/7/22 15:25:50, Inactive
113999, 1563809151, 2019/7/22 15:25:51, Inactive
114999, 1563809152, 2019/7/22 15:25:52, Inactive
115999, 1563809153, 2019/7/22 15:25:53, Inactive
116999, 1563809154, 2019/7/22 15:25:54, Inactive
117999, 1563809155, 2019/7/22 15:25:55, Inactive
119000, 1563809156, 2019/7/22 15:25:56, Inactive
119999, 1563809157, 2019/7/22 15:25:57, Inactive
120999, 1563809158, 2019/7/22 15:25:58, Inactive
121999, 1563809159, 2019/7/22 15:25:59, Inactive
122998, 1563809160, 2019/7/22 15:26:0, Inactive
123999, 1563809161, 2019/7/22 15:26:1, Inactive
124999, 1563809162, 2019/7/22 15:26:2, Inactive
125999, 1563809163, 2019/7/22 15:26:3, Inactive
126999, 1563809164, 2019/7/22 15:26:4, Inactive
127998, 1563809165, 2019/7/22 15:26:5, Inactive
128999, 1563809166, 2019/7/22 15:26:6, Inactive
129999, 1563809167, 2019/7/22 15:26:7, Inactive
130999, 1563809168, 2019/7/22 15:26:8, Inactive
131999, 1563809169, 2019/7/22 15:26:9, Inactive
132999, 1563809170, 2019/7/22 15:26:10, Inactive
133999, 1563809171, 2019/7/22 15:26:11, Inactive
135000, 1563809172, 2019/7/22 15:26:12, Inactive
135999, 1563809173, 2019/7/22 15:26:13, Inactive
136999, 1563809174, 2019/7/22 15:26:14, Inactive
137999, 1563809175, 2019/7/22 15:26:15, Inactive
138999, 1563809176, 2019/7/22 15:26:16, Inactive
139999, 1563809177, 2019/7/22 15:26:17, Inactive
140999, 1563809178, 2019/7/22 15:26:18, Inactive
141999, 1563809179, 2019/7/22 15:26:19, Inactive
142999, 1563809180, 2019/7/22 15:26:20, Inactive
144000, 1563809181, 2019/7/22 15:26:21, Inactive
144999, 1563809182, 2019/7/22 15:26:22, Inactive
145999, 1563809183, 2019/7/22 15:26:23, Inactive
146999, 1563809184, 2019/7/22 15:26:24, Inactive
147999, 1563809185, 2019/7/22 15:26:25, Inactive
148999, 1563809186, 2019/7/22 15:26:26, Inactive
149999, 1563809187, 2019/7/22 15:26:27, Inactive
151000, 1563809188, 2019/7/22 15:26:28, Inactive
151999, 1563809189, 2019/7/22 15:26:29, Inactive
152999, 1563809190, 2019/7/22 15:26:30, Active
153999, 1563809191, 2019/7/22 15:26:31, Inactive
154998, 1563809192, 2019/7/22 15:26:32, Inactive
155999, 1563809193, 2019/7/22 15:26:33, Inactive
156999, 1563809194, 2019/7/22 15:26:34, Inactive
157999, 1563809195, 2019/7/22 15:26:35, Active
158999, 1563809196, 2019/7/22 15:26:36, Active
160000, 1563809197, 2019/7/22 15:26:37, Inactive
160999, 1563809198, 2019/7/22 15:26:38, Inactive
161999, 1563809199, 2019/7/22 15:26:39, Inactive
162999, 1563809200, 2019/7/22 15:26:40, Active
163999, 1563809201, 2019/7/22 15:26:41, Active
165000, 1563809202, 2019/7/22 15:26:42, Inactive
165999, 1563809203, 2019/7/22 15:26:43, Inactive
167000, 1563809204, 2019/7/22 15:26:44, Inactive
167999, 1563809205, 2019/7/22 15:26:45, Inactive
168999, 1563809206, 2019/7/22 15:26:46, Inactive
169999, 1563809207, 2019/7/22 15:26:47, Inactive
170999, 1563809208, 2019/7/22 15:26:48, Inactive
171999, 1563809209, 2019/7/22 15:26:49, Inactive
172999, 1563809210, 2019/7/22 15:26:50, Inactive
174000, 1563809211, 2019/7/22 15:26:51, Inactive
174999, 1563809212, 2019/7/22 15:26:52, Inactive
175998, 1563809213, 2019/7/22 15:26:53, Inactive
176999, 1563809214, 2019/7/22 15:26:54, Inactive
177999, 1563809215, 2019/7/22 15:26:55, Inactive
178999, 1563809216, 2019/7/22 15:26:56, Inactive
179999, 1563809217, 2019/7/22 15:26:57, Inactive
180999, 1563809218, 2019/7/22 15:26:58, Inactive
181999, 1563809219, 2019/7/22 15:26:59, Active
183000, 1563809220, 2019/7/22 15:27:0, Inactive
183999, 1563809221, 2019/7/22 15:27:1, Inactive
184999, 1563809222, 2019/7/22 15:27:2, Inactive
185999, 1563809223, 2019/7/22 15:27:3, Inactive
186999, 1563809224, 2019/7/22 15:27:4, Inactive
187999, 1563809225, 2019/7/22 15:27:5, Inactive
188999, 1563809226, 2019/7/22 15:27:6, Active
190000, 1563809227, 2019/7/22 15:27:7, Active
190999, 1563809228, 2019/7/22 15:27:8, Inactive
192000, 1563809229, 2019/7/22 15:27:9, Inactive
192999, 1563809230, 2019/7/22 15:27:10, Inactive
193999, 1563809231, 2019/7/22 15:27:11, Inactive
194998, 1563809232, 2019/7/22 15:27:12, Active
195999, 1563809233, 2019/7/22 15:27:13, Active
196999, 1563809234, 2019/7/22 15:27:14, Inactive
197999, 1563809235, 2019/7/22 15:27:15, Inactive
198999, 1563809236, 2019/7/22 15:27:16, Inactive
199999, 1563809237, 2019/7/22 15:27:17, Inactive
200999, 1563809238, 2019/7/22 15:27:18, Inactive
201999, 1563809239, 2019/7/22 15:27:19, Inactive
202999, 1563809240, 2019/7/22 15:27:20, Inactive
203999, 1563809241, 2019/7/22 15:27:21, Active
204999, 1563809242, 2019/7/22 15:27:22, Active
206000, 1563809243, 2019/7/22 15:27:23, Inactive
206999, 1563809244, 2019/7/22 15:27:24, Inactive
208000, 1563809245, 2019/7/22 15:27:25, Inactive
208999, 1563809246, 2019/7/22 15:27:26, Inactive
209999, 1563809247, 2019/7/22 15:27:27, Inactive
210998, 1563809248, 2019/7/22 15:27:28, Active
211999, 1563809249, 2019/7/22 15:27:29, Active
212998, 1563809250, 2019/7/22 15:27:30, Inactive
213999, 1563809251, 2019/7/22 15:27:31, Inactive
215000, 1563809252, 2019/7/22 15:27:32, Inactive
215999, 1563809253, 2019/7/22 15:27:33, Inactive
216999, 1563809254, 2019/7/22 15:27:34, Active
217999, 1563809255, 2019/7/22 15:27:35, Active
218999, 1563809256, 2019/7/22 15:27:36, Inactive
219999, 1563809257, 2019/7/22 15:27:37, Inactive
220999, 1563809258, 2019/7/22 15:27:38, Inactive
222000, 1563809259, 2019/7/22 15:27:39, Inactive
222999, 1563809260, 2019/7/22 15:27:40, Active
223998, 1563809261, 2019/7/22 15:27:41, Inactive
224999, 1563809262, 2019/7/22 15:27:42, Inactive
225999, 1563809263, 2019/7/22 15:27:43, Inactive
226999, 1563809264, 2019/7/22 15:27:44, Inactive
227999, 1563809265, 2019/7/22 15:27:45, Inactive
228999, 1563809266, 2019/7/22 15:27:46, Active
229999, 1563809267, 2019/7/22 15:27:47, Inactive
231000, 1563809268, 2019/7/22 15:27:48, Inactive
231999, 1563809269, 2019/7/22 15:27:49, Inactive
232999, 1563809270, 2019/7/22 15:27:50, Inactive
233999, 1563809271, 2019/7/22 15:27:51, Inactive
234998, 1563809272, 2019/7/22 15:27:52, Inactive
235999, 1563809273, 2019/7/22 15:27:53, Inactive
236999, 1563809274, 2019/7/22 15:27:54, Inactive
237999, 1563809275, 2019/7/22 15:27:55, Inactive
238999, 1563809276, 2019/7/22 15:27:56, Inactive
240000, 1563809277, 2019/7/22 15:27:57, Active
240998, 1563809278, 2019/7/22 15:27:58, Active
241999, 1563809279, 2019/7/22 15:27:59, Inactive
242999, 1563809280, 2019/7/22 15:28:0, Inactive
243999, 1563809281, 2019/7/22 15:28:1, Inactive
244999, 1563809282, 2019/7/22 15:28:2, Active
245999, 1563809283, 2019/7/22 15:28:3, Inactive
247000, 1563809284, 2019/7/22 15:28:4, Inactive
247999, 1563809285, 2019/7/22 15:28:5, Inactive
248999, 1563809286, 2019/7/22 15:28:6, Inactive
249999, 1563809287, 2019/7/22 15:28:7, Active
250999, 1563809288, 2019/7/22 15:28:8, Active
251999, 1563809289, 2019/7/22 15:28:9, Inactive
252999, 1563809290, 2019/7/22 15:28:10, Inactive
253999, 1563809291, 2019/7/22 15:28:11, Inactive
254999, 1563809292, 2019/7/22 15:28:12, Active
256000, 1563809293, 2019/7/22 15:28:13, Active
256999, 1563809294, 2019/7/22 15:28:14, Inactive
257999, 1563809295, 2019/7/22 15:28:15, Inactive
258999, 1563809296, 2019/7/22 15:28:16, Inactive
259999, 1563809297, 2019/7/22 15:28:17, Inactive
260999, 1563809298, 2019/7/22 15:28:18, Active
261999, 1563809299, 2019/7/22 15:28:19, Active
263000, 1563809300, 2019/7/22 15:28:20, Inactive
263999, 1563809301, 2019/7/22 15:28:21, Inactive
264999, 1563809302, 2019/7/22 15:28:22, Inactive
265999, 1563809303, 2019/7/22 15:28:23, Inactive
266998, 1563809304, 2019/7/22 15:28:24, Active
267999, 1563809305, 2019/7/22 15:28:25, Active
268999, 1563809306, 2019/7/22 15:28:26, Inactive
270000, 1563809307, 2019/7/22 15:28:27, Inactive
270999, 1563809308, 2019/7/22 15:28:28, Inactive
272000, 1563809309, 2019/7/22 15:28:29, Inactive
272999, 1563809310, 2019/7/22 15:28:30, Active
273998, 1563809311, 2019/7/22 15:28:31, Active
274999, 1563809312, 2019/7/22 15:28:32, Inactive
275999, 1563809313, 2019/7/22 15:28:33, Inactive
276999, 1563809314, 2019/7/22 15:28:34, Inactive
277999, 1563809315, 2019/7/22 15:28:35, Inactive
279000, 1563809316, 2019/7/22 15:28:36, Active
279999, 1563809317, 2019/7/22 15:28:37, Active
280999, 1563809318, 2019/7/22 15:28:38, Inactive
281999, 1563809319, 2019/7/22 15:28:39, Inactive
282999, 1563809320, 2019/7/22 15:28:40, Inactive
283999, 1563809321, 2019/7/22 15:28:41, Active
284999, 1563809322, 2019/7/22 15:28:42, Active
285999, 1563809323, 2019/7/22 15:28:43, Inactive
286999, 1563809324, 2019/7/22 15:28:44, Inactive
288000, 1563809325, 2019/7/22 15:28:45, Inactive
288998, 1563809326, 2019/7/22 15:28:46, Active
289999, 1563809327, 2019/7/22 15:28:47, Active
290999, 1563809328, 2019/7/22 15:28:48, Inactive
291999, 1563809329, 2019/7/22 15:28:49, Inactive
292999, 1563809330, 2019/7/22 15:28:50, Inactive
293999, 1563809331, 2019/7/22 15:28:51, Inactive
295000, 1563809332, 2019/7/22 15:28:52, Active
295999, 1563809333, 2019/7/22 15:28:53, Inactive
296998, 1563809334, 2019/7/22 15:28:54, Inactive
297999, 1563809335, 2019/7/22 15:28:55, Inactive
298999, 1563809336, 2019/7/22 15:28:56, Inactive
300000, 1563809337, 2019/7/22 15:28:57, Inactive
300999, 1563809338, 2019/7/22 15:28:58, Active
301999, 1563809339, 2019/7/22 15:28:59, Inactive
302999, 1563809340, 2019/7/22 15:29:0, Inactive
304000, 1563809341, 2019/7/22 15:29:1, Inactive
304998, 1563809342, 2019/7/22 15:29:2, Inactive
305999, 1563809343, 2019/7/22 15:29:3, Active
306999, 1563809344, 2019/7/22 15:29:4, Active
307999, 1563809345, 2019/7/22 15:29:5, Inactive
308999, 1563809346, 2019/7/22 15:29:6, Inactive
309999, 1563809347, 2019/7/22 15:29:7, Inactive
311000, 1563809348, 2019/7/22 15:29:8, Active
311999, 1563809349, 2019/7/22 15:29:9, Active
312999, 1563809350, 2019/7/22 15:29:10, Inactive
313999, 1563809351, 2019/7/22 15:29:11, Inactive
314999, 1563809352, 2019/7/22 15:29:12, Inactive
315999, 1563809353, 2019/7/22 15:29:13, Active
316999, 1563809354, 2019/7/22 15:29:14, Active
318000, 1563809355, 2019/7/22 15:29:15, Inactive
318999, 1563809356, 2019/7/22 15:29:16, Inactive
320000, 1563809357, 2019/7/22 15:29:17, Inactive
320999, 1563809358, 2019/7/22 15:29:18, Inactive
321999, 1563809359, 2019/7/22 15:29:19, Active
322999, 1563809360, 2019/7/22 15:29:20, Active
323999, 1563809361, 2019/7/22 15:29:21, Inactive
325000, 1563809362, 2019/7/22 15:29:22, Inactive
325999, 1563809363, 2019/7/22 15:29:23, Inactive
327000, 1563809364, 2019/7/22 15:29:24, Inactive
327999, 1563809365, 2019/7/22 15:29:25, Inactive
328999, 1563809366, 2019/7/22 15:29:26, Inactive
329999, 1563809367, 2019/7/22 15:29:27, Inactive
330999, 1563809368, 2019/7/22 15:29:28, Inactive
331999, 1563809369, 2019/7/22 15:29:29, Inactive
332999, 1563809370, 2019/7/22 15:29:30, Inactive
333999, 1563809371, 2019/7/22 15:29:31, Inactive
334998, 1563809372, 2019/7/22 15:29:32, Inactive
